{"eps": 1e-12, "mx": [5.149207967247374, 15.447623901742094, 1.1543443690791313, 3.015239178052347, -20.46709531943681, -21.92489392345324, 4.64075798936008, 11.685846018848917, 4.1389222726355, 5.065905952833672, 3.9410577558207844, 0.06985674491383392, 1.3840493991382867, 0.05624539884367505, -0.7949400916279256], "my": -12.27628424125548, "sx": [0.8388610746814787, 2.5165832240444614, 0.2954632235987049, 0.9622121820334357, 12.120883024137683, 11.185668700141893, 0.8183654654751134, 1.024859954547111, 0.9695761819238116, 0.690604701871809, 0.29175479837910756, 0.29175479837896057, 0.09160913483781952, 0.27369191823392597, 4.618774372971558], "sy": 1.4808068384496877, "lr": 5e-05, "model_name": "model1"}