{"eps": 1e-12, "mx": [250.40676328502414, 246326334.55235335, 3.2664734299516907, 35.38746721877157, 0.27152518978605933, 0.20328502415458938, 146.8591856452726, 201991.21990338163, 92.5743823326432, 213.15773636991028, 59.98111801242236, 1.2496066252587992, 4.009993098688751, 1.1509178743961352, 0.9460869565217391], "my": 4.872603107354026e-05, "sx": [269.36384004826726, 10858795305.420353, 0.9686704723168839, 57.08521677329699, 0.47778180330972664, 0.404358896067422, 143.6183475407565, 272890.85448959464, 105.61148088702235, 219.45983556372184, 54.18565409136494, 1.1288677935701028, 0.5323070482373548, 0.7126953277848912, 0.22584602547127552], "sy": 0.001515909967728209, "lr": 1e-05, "model_name": "model1"}