{"eps": 1e-12, "mx": [5.162159388792708, 15.486478166378095, 1.1445939488824879, 3.027591536278289, -20.541352805188907, -21.959976584346624, 4.653890903069989, 11.697190582110432, 4.1293245362083715, 5.071520125492474, 3.9519256086786667, 0.08072459777171122, 1.3834228144830238, 0.06287281483187117, -0.9773879362221296], "my": -12.285109400345661, "sx": [0.8661174865322981, 2.598352459596919, 0.3103640745426055, 0.9820913342924197, 12.079764176103287, 11.160120739282974, 0.8458869041249318, 1.0457422861432535, 0.9833110220860993, 0.702337550928788, 0.3283920257382453, 0.32839202573808857, 0.10355305685564047, 0.2905480738034904, 5.10401210092233], "sy": 1.4925281469117628, "lr": 5e-05, "model_name": "model1"}