{"eps": 1e-12, "mx": [5.167581204651962, 15.502743613955861, 1.1449034438459396, 3.0354202514418773, -20.589294015831836, -21.982708444581302, 4.659007425702397, 11.704738364976876, 4.120612038139717, 5.077651634525627, 3.9536944250015558, 0.08350098457822479, 1.3844917939030137, 0.06393105063513503, -0.29723671795107875], "my": -12.293490496904134, "sx": [0.8730804648033756, 2.619241394410152, 0.31069028547338495, 0.9907158228134788, 12.052957072419801, 11.143494447022825, 0.8525140956884572, 1.0490073425678985, 0.9965563050150191, 0.7092099639038091, 0.33240136475525556, 0.3362067365630676, 0.10589610370340607, 0.29294587482063306, 5.198398485557977], "sy": 1.5016361149936297, "lr": 5e-05, "model_name": "model1"}